# Focused R7RS-small semantic audit; pass applies only to each stated obligation.
# Standard expectations remain in probes; gap is an observed incompatibility, not a skip.
# Paired observations: tests/r7rs/semantic-results.tsv. Runtime sources audited at 9cbad635.
id	clause	status	probe	obligation	boundary	standard
data.append-tail	6.4	pass	tests/r7rs/audit/data.scm	append copies earlier lists and shares the last argument's tail.	One proper tail; literal allocation identity not constrained.	https://standards.scheme.org/corrected-r7rs/r7rs-Z-H-8.html
data.bytevector-overlap	6.9	gap	tests/r7rs/audit/data.scm	Overlapping bytevector-copy! preserves source bytes until copied.	Gap: rightward overlap duplicates the first byte instead of copying original bytes.	https://standards.scheme.org/corrected-r7rs/r7rs-Z-H-8.html
data.bytevector-ranges	6.9	pass	tests/r7rs/audit/data.scm	Bytevector copy ranges and append handle empty and nonempty inputs.	Two small ranges; aliasing of zero-length results is unspecified.	https://standards.scheme.org/corrected-r7rs/r7rs-Z-H-8.html
data.characters	6.6	pass	tests/r7rs/audit/data.scm	Character scalar conversions and ordered/case-insensitive comparisons work.	Greek letters and one supplementary scalar; Unicode version not exhaustively checked.	https://standards.scheme.org/corrected-r7rs/r7rs-Z-H-8.html
data.disjoint	3.2	pass	tests/r7rs/audit/data.scm	Required scalar, container and procedure type predicates reject other disjoint types.	Nine negative pairs; record disjointness is not certified by this sample.	https://standards.scheme.org/corrected-r7rs/r7rs-Z-H-8.html
data.fresh-storage	3.4	pass	tests/r7rs/audit/data.scm	Fresh nonempty strings and vectors have independent mutable locations.	Two constructors; no statement about pooling immutable literals.	https://standards.scheme.org/corrected-r7rs/r7rs-Z-H-8.html
data.list-copy	6.4	pass	tests/r7rs/audit/data.scm	list-copy creates fresh pairs while retaining the improper tail value.	Two-pair improper chain; elements are not required to be deep-copied.	https://standards.scheme.org/corrected-r7rs/r7rs-Z-H-8.html
data.list-cycle	6.4	gap	tests/r7rs/audit/list-cycle.scm	A circular pair chain is not a list and list? must return false.	Gap: isolated native probe fails to terminate within 60s after reaching list?.	https://standards.scheme.org/corrected-r7rs/r7rs-Z-H-8.html
data.list-tail	6.4	pass	tests/r7rs/audit/data.scm	list-tail returns the kth tail and preserves identity when k is zero.	Proper lists only; no classification based on atomic or improper inputs.	https://standards.scheme.org/corrected-r7rs/r7rs-Z-H-8.html
data.membership	6.4	pass	tests/r7rs/audit/data.scm	member returns a shared tail and member/assoc honor an explicit comparator.	One comparator with numeric keys; custom comparator side effects not audited.	https://standards.scheme.org/corrected-r7rs/r7rs-Z-H-8.html
data.pair-mutation	6.4	pass	tests/r7rs/audit/data.scm	Pair mutation updates the shared pair location.	One car/cdr alias; immutable literal mutation is excluded.	https://standards.scheme.org/corrected-r7rs/r7rs-Z-H-8.html
data.string-case	6.7	gap	tests/r7rs/audit/data.scm	Unicode full string folding handles multi-character folds and case-insensitive comparison.	Gap: sharp-s is not folded to ss; lowercase Straße does not match STRASSE.	https://standards.scheme.org/corrected-r7rs/r7rs-Z-H-8.html
data.string-index	6.7	pass	tests/r7rs/audit/data.scm	String indices, mutation and slices count Unicode characters rather than UTF-8 bytes.	ASCII, Greek, CJK and one supplementary character; invalid scalars excluded.	https://standards.scheme.org/corrected-r7rs/r7rs-Z-H-8.html
data.string-overlap	6.7	pass	tests/r7rs/audit/data.scm	Overlapping string-copy! behaves as if the original source range were preserved.	One rightward overlapping Unicode range.	https://standards.scheme.org/corrected-r7rs/r7rs-Z-H-8.html
data.string-traversal	6.7,6.10	pass	tests/r7rs/audit/data.scm	string-for-each visits characters in order and string-map stops at the shortest input.	Two short strings; continuation behavior not tested here.	https://standards.scheme.org/corrected-r7rs/r7rs-Z-H-8.html
data.symbols	6.5	pass	tests/r7rs/audit/data.scm	Unicode and escaped names round trip and symbol=? remains case-sensitive.	Three names; symbol/string aliasing after mutation not covered.	https://standards.scheme.org/corrected-r7rs/r7rs-Z-H-8.html
data.truth	6.3	pass	tests/r7rs/audit/data.scm	Only false is false; boolean predicates/comparison treat booleans consistently.	Selected truthy objects; unspecified return values not used as false assumptions.	https://standards.scheme.org/corrected-r7rs/r7rs-Z-H-8.html
data.unicode-properties	6.6	gap	tests/r7rs/audit/data.scm	A supported Unicode decimal digit has the corresponding digit-value.	Gap: Arabic-Indic four is numeric but digit-value returns false; other samples pass.	https://standards.scheme.org/corrected-r7rs/r7rs-Z-H-8.html
data.utf8-ranges	6.9	pass	tests/r7rs/audit/data.scm	String ranges count characters; utf8->string byte ranges decode the selected bytes.	Valid Greek/supplementary UTF-8 only; invalid encoding policy not certified.	https://standards.scheme.org/corrected-r7rs/r7rs-Z-H-8.html
data.vector-overlap	6.8	pass	tests/r7rs/audit/data.scm	Overlapping vector-copy! preserves the original source range.	One rightward overlap; leftward overlap not tested here.	https://standards.scheme.org/corrected-r7rs/r7rs-Z-H-8.html
data.vector-ranges	6.8	pass	tests/r7rs/audit/data.scm	Vector fill, copy and list conversion honor start/end ranges.	One interior range; bounds diagnostics not required to be signaled.	https://standards.scheme.org/corrected-r7rs/r7rs-Z-H-8.html
data.vector-string	6.8	pass	tests/r7rs/audit/data.scm	String/vector conversion honors Unicode character ranges.	One supplementary character; vectors with noncharacters excluded.	https://standards.scheme.org/corrected-r7rs/r7rs-Z-H-8.html
definitions.begin-splice	5.3.2	pass	tests/r7rs/audit/definitions.scm	Nested begin forms splice internal definitions into the definition group.	Two begin levels; invalid definition ordering not constrained.	https://standards.scheme.org/corrected-r7rs/r7rs-Z-H-7.html
definitions.macro-splice	5.3.2,5.4	pass	tests/r7rs/audit/definitions.scm	An internal macro can introduce definitions visible to later definitions.	One definition-producing macro; imported macro contexts have other coverage.	https://standards.scheme.org/corrected-r7rs/r7rs-Z-H-7.html
definitions.mutual	5.3.2	pass	tests/r7rs/audit/definitions.scm	Internal procedure definitions are mutually visible.	Finite recursion; proper tail space is separately audited.	https://standards.scheme.org/corrected-r7rs/r7rs-Z-H-7.html
definitions.record	5.5,6.12	gap	tests/r7rs/audit/definitions.scm	An internal record definition provides constructor, predicate, accessor and mutator.	Gap: a generated record binding is unbound when the valid body is evaluated.	https://standards.scheme.org/corrected-r7rs/r7rs-Z-H-7.html
definitions.sequential	5.3.2	pass	tests/r7rs/audit/definitions.scm	Internal definition initializers observe earlier initialized bindings as letrec*.	Standard eval context; not every syntactic body form.	https://standards.scheme.org/corrected-r7rs/r7rs-Z-H-7.html
definitions.values	5.3.3	pass	tests/r7rs/audit/definitions.scm	Proper define-values formals bind all produced values.	Two values in an internal eval body; zero values tested separately.	https://standards.scheme.org/corrected-r7rs/r7rs-Z-H-7.html
definitions.values-all	5.3.3,6.12	gap	tests/r7rs/audit/definitions.scm	Identifier-only define-values formals collect all produced values.	Gap: the identifier-only binding is unbound in the standard eval body.	https://standards.scheme.org/corrected-r7rs/r7rs-Z-H-7.html
definitions.values-empty	5.3.3	pass	tests/r7rs/audit/definitions.scm	Empty define-values formals accept a zero-value initializer.	No wrong-value-count diagnostic requirement asserted.	https://standards.scheme.org/corrected-r7rs/r7rs-Z-H-7.html
definitions.values-rest	5.3.3,6.12	gap	tests/r7rs/audit/definitions.scm	Dotted define-values formals bind remaining values as a list.	Gap: rest is unbound in a valid internal body; standard eval path reproduces it.	https://standards.scheme.org/corrected-r7rs/r7rs-Z-H-7.html
definitions.whole-region	5.3.2	pass	tests/r7rs/audit/definitions.scm	An internal variable binding covers preceding closure definitions in the body.	One closure/variable group through standard eval.	https://standards.scheme.org/corrected-r7rs/r7rs-Z-H-7.html
equivalence.cyclic-mismatch	6.1	pass	tests/r7rs/audit/equivalence.scm	equal? terminates and rejects cyclic unfoldings with different elements.	One self-cycle mismatch.	https://standards.scheme.org/corrected-r7rs/r7rs-Z-H-8.html
equivalence.cyclic-unfolding	6.1	pass	tests/r7rs/audit/equivalence.scm	equal? terminates and equates cycles with the same infinite ordered unfolding.	Two periods, lengths two and four; not exhaustive graph bisimulation.	https://standards.scheme.org/corrected-r7rs/r7rs-Z-H-8.html
equivalence.deep	6.1	pass	tests/r7rs/audit/equivalence.scm	equal? recursively compares nested vectors, strings and bytevectors by contents.	Finite acyclic structures; cyclic unfoldings are separately tested.	https://standards.scheme.org/corrected-r7rs/r7rs-Z-H-8.html
equivalence.distinct-state	6.1	pass	tests/r7rs/audit/equivalence.scm	Closures with independent observable counters are not eqv?.	Stateful closure example; optimization of unobservable state is unconstrained.	https://standards.scheme.org/corrected-r7rs/r7rs-Z-H-8.html
equivalence.exactness	6.1	gap	tests/r7rs/audit/equivalence.scm	eqv? and equal? distinguish exact from inexact numbers, preserving equal exact rationals/bignums.	Gap: equal? treats 2 and 2.0 as equal although eqv? distinguishes them.	https://standards.scheme.org/corrected-r7rs/r7rs-Z-H-8.html
equivalence.immediate	6.1	pass	tests/r7rs/audit/equivalence.scm	Booleans, symbols, empty list and characters obey eqv? identity rules.	Selected immediate values; optional eq? behavior on numbers/characters excluded.	https://standards.scheme.org/corrected-r7rs/r7rs-Z-H-8.html
equivalence.nan-boundary	6.1	pass	tests/r7rs/audit/equivalence.scm	NaN is not eqv? to zero; NaN/NaN comparison still returns a boolean.	Does not choose a specific result where the report leaves NaN/NaN unspecified.	https://standards.scheme.org/corrected-r7rs/r7rs-Z-H-8.html
equivalence.nonempty-locations	6.1	pass	tests/r7rs/audit/equivalence.scm	Identity predicates distinguish separately allocated nonempty mutable objects.	Pairs, strings, vectors and bytevectors; empty-object sharing is unspecified.	https://standards.scheme.org/corrected-r7rs/r7rs-Z-H-8.html
equivalence.procedure-identity	6.1	pass	tests/r7rs/audit/equivalence.scm	An identical procedure object is eq?, eqv? and equal? to itself.	No demand that operationally identical distinct procedures compare equal.	https://standards.scheme.org/corrected-r7rs/r7rs-Z-H-8.html
equivalence.sharing	6.1	pass	tests/r7rs/audit/equivalence.scm	Different sharing patterns can still have equal tree unfoldings.	One acyclic diamond versus copied subtrees.	https://standards.scheme.org/corrected-r7rs/r7rs-Z-H-8.html
equivalence.signed-zero	6.1	gap	tests/r7rs/audit/equivalence.scm	If arithmetic distinguishes signed zeros, eqv? must distinguish them too.	Gap: reciprocals have opposite infinities but eqv? equates the zeros.	https://standards.scheme.org/corrected-r7rs/r7rs-Z-H-8.html
equivalence.unspecified	6.1	pass	tests/r7rs/audit/equivalence.scm	Unspecified numeric eq?, empty-string eqv? and procedure equivalence return booleans.	No specific identity outcome is asserted for these permitted choices.	https://standards.scheme.org/corrected-r7rs/r7rs-Z-H-8.html
exports.base	A.base	pass	tests/r7rs/audit/exports.scm	Every Appendix A binding for the provided (scheme base) library is exported.	238 required bindings present; 17 implementation exports recorded separately; not a per-procedure semantic verdict.	https://standards.scheme.org/corrected-r7rs/r7rs-Z-H-10.html
exports.case-lambda	A.case-lambda	pass	tests/r7rs/audit/exports.scm	Every Appendix A binding for the provided (scheme case-lambda) library is exported.	Required exports checked through the loaded registry; procedure semantics are not certified by export availability.	https://standards.scheme.org/corrected-r7rs/r7rs-Z-H-10.html
exports.char	A.char	pass	tests/r7rs/audit/exports.scm	Every Appendix A binding for the provided (scheme char) library is exported.	Required exports checked through the loaded registry; procedure semantics are not certified by export availability.	https://standards.scheme.org/corrected-r7rs/r7rs-Z-H-10.html
exports.complex	A.complex	pass	tests/r7rs/audit/exports.scm	Every Appendix A binding for the provided (scheme complex) library is exported.	Required exports checked through the loaded registry; procedure semantics are not certified by export availability.	https://standards.scheme.org/corrected-r7rs/r7rs-Z-H-10.html
exports.cxr	A.cxr	pass	tests/r7rs/audit/exports.scm	Every Appendix A binding for the provided (scheme cxr) library is exported.	Required exports checked through the loaded registry; procedure semantics are not certified by export availability.	https://standards.scheme.org/corrected-r7rs/r7rs-Z-H-10.html
exports.eval	A.eval	pass	tests/r7rs/audit/exports.scm	Every Appendix A binding for the provided (scheme eval) library is exported.	Required exports checked through the loaded registry; procedure semantics are not certified by export availability.	https://standards.scheme.org/corrected-r7rs/r7rs-Z-H-10.html
exports.file	A.file	pass	tests/r7rs/audit/exports.scm	Every Appendix A binding for the provided (scheme file) library is exported.	Required exports checked through the loaded registry; procedure semantics are not certified by export availability.	https://standards.scheme.org/corrected-r7rs/r7rs-Z-H-10.html
exports.inexact	A.inexact	pass	tests/r7rs/audit/exports.scm	Every Appendix A binding for the provided (scheme inexact) library is exported.	Required exports checked through the loaded registry; procedure semantics are not certified by export availability.	https://standards.scheme.org/corrected-r7rs/r7rs-Z-H-10.html
exports.lazy	A.lazy	pass	tests/r7rs/audit/exports.scm	Every Appendix A binding for the provided (scheme lazy) library is exported.	Required exports checked through the loaded registry; procedure semantics are not certified by export availability.	https://standards.scheme.org/corrected-r7rs/r7rs-Z-H-10.html
exports.load	A.load	pass	tests/r7rs/audit/exports.scm	Every Appendix A binding for the provided (scheme load) library is exported.	Required exports checked through the loaded registry; procedure semantics are not certified by export availability.	https://standards.scheme.org/corrected-r7rs/r7rs-Z-H-10.html
exports.process-context	A.process-context	pass	tests/r7rs/audit/exports.scm	Every Appendix A binding for the provided (scheme process-context) library is exported.	Required exports checked through the loaded registry; procedure semantics are not certified by export availability.	https://standards.scheme.org/corrected-r7rs/r7rs-Z-H-10.html
exports.r5rs	A.r5rs	gap	tests/r7rs/audit/exports.scm	Every Appendix A binding for the provided (scheme r5rs) library is exported.	Gap: missing ... => _ else syntax-rules; all optional numeric libraries are present, so their R5RS names are required too.	https://standards.scheme.org/corrected-r7rs/r7rs-Z-H-10.html
exports.read	A.read	pass	tests/r7rs/audit/exports.scm	Every Appendix A binding for the provided (scheme read) library is exported.	Required exports checked through the loaded registry; procedure semantics are not certified by export availability.	https://standards.scheme.org/corrected-r7rs/r7rs-Z-H-10.html
exports.repl	A.repl	pass	tests/r7rs/audit/exports.scm	Every Appendix A binding for the provided (scheme repl) library is exported.	Required exports checked through the loaded registry; procedure semantics are not certified by export availability.	https://standards.scheme.org/corrected-r7rs/r7rs-Z-H-10.html
exports.time	A.time	pass	tests/r7rs/audit/exports.scm	Every Appendix A binding for the provided (scheme time) library is exported.	Three required bindings present and eight clock extensions recorded; timing resolution/epoch semantics not audited.	https://standards.scheme.org/corrected-r7rs/r7rs-Z-H-10.html
exports.write	A.write	pass	tests/r7rs/audit/exports.scm	Every Appendix A binding for the provided (scheme write) library is exported.	Required exports checked through the loaded registry; procedure semantics are not certified by export availability.	https://standards.scheme.org/corrected-r7rs/r7rs-Z-H-10.html
expressions.application-once	4.1.3	pass	tests/r7rs/audit/expressions.scm	Operator and operands are each evaluated exactly once before calling the procedure.	Checks count only; permitted operand evaluation orders remain unconstrained.	https://standards.scheme.org/corrected-r7rs/r7rs-Z-H-6.html
expressions.assignment	4.1.6	pass	tests/r7rs/audit/expressions.scm	set! updates the shared lexical location observed by a closure.	One lexical cell; imported-variable assignment is not covered.	https://standards.scheme.org/corrected-r7rs/r7rs-Z-H-6.html
expressions.cond-arrow	4.2.1	pass	tests/r7rs/audit/expressions.scm	A successful cond test is passed once to the arrow recipient.	One association result; conditional syntax not exhaustively audited.	https://standards.scheme.org/corrected-r7rs/r7rs-Z-H-6.html
expressions.conditional	4.1.5	pass	tests/r7rs/audit/expressions.scm	Only false selects the alternative branch; zero and empty list are true.	Two-branch if only; unspecified value of one-branch if not constrained.	https://standards.scheme.org/corrected-r7rs/r7rs-Z-H-6.html
expressions.formals	4.1.4	pass	tests/r7rs/audit/expressions.scm	Dotted and identifier-only formals bind required and remaining arguments.	Valid arities only; optional wrong-arity diagnostics not certified.	https://standards.scheme.org/corrected-r7rs/r7rs-Z-H-6.html
expressions.iteration	4.2.4	pass	tests/r7rs/audit/expressions.scm	do step expressions use previous-iteration bindings.	Finite four-iteration case; space behavior has a separate tail-call audit.	https://standards.scheme.org/corrected-r7rs/r7rs-Z-H-6.html
expressions.let-values	4.2.2	pass	tests/r7rs/audit/expressions.scm	Multiple-value binding supports proper and dotted formals.	One parallel group; continuation reentry not covered here.	https://standards.scheme.org/corrected-r7rs/r7rs-Z-H-6.html
expressions.letrec	4.2.2	pass	tests/r7rs/audit/expressions.scm	Mutually referring closures see the recursive binding group.	Initializers do not read uninitialized variables.	https://standards.scheme.org/corrected-r7rs/r7rs-Z-H-6.html
expressions.lexical	3.1,4.1.1	pass	tests/r7rs/audit/expressions.scm	A closure retains the binding visible at its definition.	One nested shadowing case through a standard eval environment.	https://standards.scheme.org/corrected-r7rs/r7rs-Z-H-6.html
expressions.literal	4.1.2	pass	tests/r7rs/audit/expressions.scm	Quoted pairs and self-evaluating vectors, strings and booleans retain their data.	No mutation of literal objects; literal sharing is not constrained.	https://standards.scheme.org/corrected-r7rs/r7rs-Z-H-6.html
expressions.parallel-let	4.2.2	pass	tests/r7rs/audit/expressions.scm	let initializers use the outer environment; let* initializers see earlier bindings.	No assumption about evaluation order among parallel initializers.	https://standards.scheme.org/corrected-r7rs/r7rs-Z-H-6.html
expressions.sequencing	4.2.3	pass	tests/r7rs/audit/expressions.scm	begin executes expressions in source order and returns the last result.	Single-valued result; multiple-value sequencing has other coverage.	https://standards.scheme.org/corrected-r7rs/r7rs-Z-H-6.html
numeric.bignum	6.2.3	pass	tests/r7rs/audit/numeric.scm	Supported exact arithmetic preserves a 200-bit integer plus a low bit.	One scale point; not an unbounded-size or performance proof.	https://standards.scheme.org/corrected-r7rs/r7rs-Z-H-8.html
numeric.comparison-boundary	6.2.6	pass	tests/r7rs/audit/numeric.scm	Mixed exact/inexact comparisons preserve the low bit beyond binary64 integer precision.	Positive/negative 2^53 boundary; not every extreme exponent.	https://standards.scheme.org/corrected-r7rs/r7rs-Z-H-8.html
numeric.complex	6.2.1,6.2.6	pass	tests/r7rs/audit/numeric.scm	Exact rectangular arithmetic and real/imaginary projections preserve values.	Addition and multiplication only; transcendental branch cuts not audited.	https://standards.scheme.org/corrected-r7rs/r7rs-Z-H-8.html
numeric.division	6.2.6	pass	tests/r7rs/audit/numeric.scm	floor/ and truncate/ return the specified quotient/remainder signs and values.	Three signed divisions; zero divisor is outside this probe.	https://standards.scheme.org/corrected-r7rs/r7rs-Z-H-8.html
numeric.exact-roundtrip	6.2.7	pass	tests/r7rs/audit/numeric.scm	Exact rational and complex numbers survive numeric text round trips.	Three exact values; formatting choices are not constrained.	https://standards.scheme.org/corrected-r7rs/r7rs-Z-H-8.html
numeric.exactness	6.2.2	pass	tests/r7rs/audit/numeric.scm	Exact arithmetic stays exact and mixed arithmetic propagates inexactness.	Representative +, max and exact/inexact conversion; not every operation.	https://standards.scheme.org/corrected-r7rs/r7rs-Z-H-8.html
numeric.inexact-roundtrip	6.2.7	pass	tests/r7rs/audit/numeric.scm	Representative supported inexact values survive numeric text round trips.	Three finite binary64 values; NaN payloads and complex infinities excluded.	https://standards.scheme.org/corrected-r7rs/r7rs-Z-H-8.html
numeric.integer-sqrt	6.2.6	pass	tests/r7rs/audit/numeric.scm	Exact-integer-sqrt returns a root/remainder pair for a 201-bit input.	One large square-plus-one case.	https://standards.scheme.org/corrected-r7rs/r7rs-Z-H-8.html
numeric.radix-roundtrip	6.2.7	pass	tests/r7rs/audit/numeric.scm	A large exact integer survives number/string conversion in each standard radix.	Four radices and one 201-bit value.	https://standards.scheme.org/corrected-r7rs/r7rs-Z-H-8.html
numeric.rational	6.2.2,6.2.6	pass	tests/r7rs/audit/numeric.scm	Exact rational arithmetic normalizes signs and numerator/denominator.	Four finite arithmetic examples; overflow/resource bounds not measured.	https://standards.scheme.org/corrected-r7rs/r7rs-Z-H-8.html
numeric.rationalize	6.2.6	pass	tests/r7rs/audit/numeric.scm	Exact rationalize returns the simplest rational in the tolerance interval.	Positive, negative and zero tolerance; NaN/infinity cases not audited here.	https://standards.scheme.org/corrected-r7rs/r7rs-Z-H-8.html
numeric.rounding	6.2.6	pass	tests/r7rs/audit/numeric.scm	Floor, ceiling, truncate and ties-to-even round handle negative and halfway values.	Binary64 values only; signed-zero result identity not constrained here.	https://standards.scheme.org/corrected-r7rs/r7rs-Z-H-8.html
numeric.special-types	6.2.1	pass	tests/r7rs/audit/numeric.scm	Infinity is real but not rational/integer; optional NaN/infinity predicates work.	Implementation supports IEEE non-finite values; unsupported-implementation behavior not inferred.	https://standards.scheme.org/corrected-r7rs/r7rs-Z-H-8.html
numeric.syntax	6.2.5	pass	tests/r7rs/audit/numeric.scm	string->number accepts exactness/radix prefixes and returns false for invalid input.	Selected valid/invalid forms; read uses a separately audited path.	https://standards.scheme.org/corrected-r7rs/r7rs-Z-H-8.html
numeric.tower	6.2.1	pass	tests/r7rs/audit/numeric.scm	Integer, rational, real and complex predicates respect the numeric tower.	Small exact/inexact samples; no exhaustive representation audit.	https://standards.scheme.org/corrected-r7rs/r7rs-Z-H-8.html
ports.binary-file-kind	6.13.1	pass	tests/r7rs/audit/ports.scm	Binary file openers provide ports supporting binary operations.	Only predicates and open/close tested; textual/binary overlap is permitted.	https://standards.scheme.org/corrected-r7rs/r7rs-Z-H-8.html
ports.byte-peek	6.13.2	pass	tests/r7rs/audit/ports.scm	peek-u8 does not consume bytes, including zero and 255, and reads end at EOF.	Two-byte memory input; binary file transport is not audited by this row.	https://standards.scheme.org/corrected-r7rs/r7rs-Z-H-8.html
ports.call-with-port	6.13.1	gap	tests/r7rs/audit/ports.scm	call-with-port returns all procedure values and closes the port on normal return.	Gap: only the first of two values is returned; closure on normal return succeeds.	https://standards.scheme.org/corrected-r7rs/r7rs-Z-H-8.html
ports.close	6.13.1	gap	tests/r7rs/audit/ports.scm	Closing an already closed port has no effect and preserves its port classification.	Gap: the second close raises an error on a closed output port.	https://standards.scheme.org/corrected-r7rs/r7rs-Z-H-8.html
ports.current-output	6.13.1	pass	tests/r7rs/audit/ports.scm	Output procedures without ports use the dynamically bound current output port.	One normal parameterize exit; continuation restoration has separate coverage.	https://standards.scheme.org/corrected-r7rs/r7rs-Z-H-8.html
ports.file-error-kind	6.11,6.13.1	gap	tests/r7rs/audit/ports.scm	Opening a missing input file raises an object satisfying file-error?.	Gap: opening fails, but file-error? is false on the raised object.	https://standards.scheme.org/corrected-r7rs/r7rs-Z-H-8.html
ports.flush-default	6.13.3	gap	tests/r7rs/audit/ports.scm	flush-output-port accepts no argument and uses the current output port.	Gap: the native primitive requires exactly one argument.	https://standards.scheme.org/corrected-r7rs/r7rs-Z-H-8.html
ports.memory-kinds	6.13.1	pass	tests/r7rs/audit/ports.scm	String ports are textual, bytevector ports binary, and both are input ports.	Textual/binary types may overlap; opposite predicates are checked only for boolean results.	https://standards.scheme.org/corrected-r7rs/r7rs-Z-H-8.html
ports.read-bytevector	6.13.2	pass	tests/r7rs/audit/ports.scm	read-bytevector handles full, short and EOF reads.	Positive counts only; zero-count case not constrained.	https://standards.scheme.org/corrected-r7rs/r7rs-Z-H-8.html
ports.read-bytevector-range	6.13.2	gap	tests/r7rs/audit/ports.scm	read-bytevector! preserves bytes outside the range and returns EOF when no bytes are available.	Gap: range update/count work, but a subsequent EOF read returns zero rather than EOF.	https://standards.scheme.org/corrected-r7rs/r7rs-Z-H-8.html
ports.read-line	6.13.2	gap	tests/r7rs/audit/ports.scm	read-line recognizes LF, CR and CRLF and strips line endings.	Gap: a lone CR remains in the line and consumes the following line as well.	https://standards.scheme.org/corrected-r7rs/r7rs-Z-H-8.html
ports.read-string	6.13.2	pass	tests/r7rs/audit/ports.scm	read-string counts characters, accepts a short final read and then returns EOF.	Positive counts only; zero-count corner is not constrained by this probe.	https://standards.scheme.org/corrected-r7rs/r7rs-Z-H-8.html
ports.ready-eof	6.13.2	pass	tests/r7rs/audit/ports.scm	Character/byte readiness is true at EOF on finite memory ports.	Does not certify asynchronous readiness on devices or interactive streams.	https://standards.scheme.org/corrected-r7rs/r7rs-Z-H-8.html
ports.text-peek	6.13.2	pass	tests/r7rs/audit/ports.scm	peek-char preserves the next Unicode character and EOF is returned after consumption.	Finite string input; blocking interactive behavior not audited.	https://standards.scheme.org/corrected-r7rs/r7rs-Z-H-8.html
ports.write-byte-range	6.13.3	pass	tests/r7rs/audit/ports.scm	write-bytevector range and write-u8 preserve raw bytes.	In-memory output only; file/device transport not certified.	https://standards.scheme.org/corrected-r7rs/r7rs-Z-H-8.html
ports.write-roundtrip	6.13.3	pass	tests/r7rs/audit/ports.scm	write/read preserve Unicode strings, escaped symbols and bytevectors.	Finite acyclic sample; shared/cyclic output has its separate existing audit.	https://standards.scheme.org/corrected-r7rs/r7rs-Z-H-8.html
ports.write-text-range	6.13.3	pass	tests/r7rs/audit/ports.scm	write-string range indices count characters and write-char appends one character.	In-memory output only; encoding on filesystem/device streams not certified.	https://standards.scheme.org/corrected-r7rs/r7rs-Z-H-8.html
qq.constant	4.2.8,7.1.4	pass	tests/r7rs/audit/quasiquote.scm	Quasiquote without unquotes has the same data as quote.	Pairs/vectors and an improper tail; allocation identity is unspecified.	https://standards.scheme.org/corrected-r7rs/r7rs-Z-H-6.html
qq.dotted-tail	4.2.8	pass	tests/r7rs/audit/quasiquote.scm	Unquote in a dotted tail produces the tail value directly.	One scalar tail; does not require fresh literal substructure.	https://standards.scheme.org/corrected-r7rs/r7rs-Z-H-6.html
qq.hygiene	4.2.8	pass	tests/r7rs/audit/quasiquote.scm	Local names cons, append, list and vector do not capture template construction.	Selected implementation helper names only.	https://standards.scheme.org/corrected-r7rs/r7rs-Z-H-6.html
qq.list-splice	4.2.8	pass	tests/r7rs/audit/quasiquote.scm	Splicing inserts list elements, including an empty list, in sequence.	Legal list arguments only; errors for invalid splices not required to be signaled.	https://standards.scheme.org/corrected-r7rs/r7rs-Z-H-6.html
qq.nesting	4.2.8,7.1.4	pass	tests/r7rs/audit/quasiquote.scm	Quasiquote/unquote depth controls which expressions are substituted.	Two nesting levels; not exhaustive recursive grammar coverage.	https://standards.scheme.org/corrected-r7rs/r7rs-Z-H-6.html
qq.once	4.2.8	pass	tests/r7rs/audit/quasiquote.scm	An active unquote expression is evaluated exactly once.	Does not constrain order between different unquotes.	https://standards.scheme.org/corrected-r7rs/r7rs-Z-H-6.html
qq.splice-dotted-tail	4.2.8	pass	tests/r7rs/audit/quasiquote.scm	A list splice can precede an unquoted improper tail.	One list splice with a pair tail.	https://standards.scheme.org/corrected-r7rs/r7rs-Z-H-6.html
qq.unquote	4.2.8	pass	tests/r7rs/audit/quasiquote.scm	A long-form unquote inserts the expression value.	One substitution through standard eval; not all template grammar.	https://standards.scheme.org/corrected-r7rs/r7rs-Z-H-6.html
qq.vector-splice	4.2.8	pass	tests/r7rs/audit/quasiquote.scm	Unquote and list splicing construct vector elements.	One mixed vector; no non-list splice extension assumed.	https://standards.scheme.org/corrected-r7rs/r7rs-Z-H-6.html
reader.abbreviations	2.3,3.3	pass	tests/r7rs/audit/reader.scm	Quote, quasiquote, unquote and splicing abbreviations read as corresponding lists.	Tests reading datum forms, not validity of unquote outside quasiquote.	https://standards.scheme.org/corrected-r7rs/r7rs-Z-H-9.html
reader.case-directives	2.1,2.3	pass	tests/r7rs/audit/reader.scm	Fold/no-fold directives affect unescaped identifiers, preserving escaped spelling.	One port with changing directives; cross-port isolation not covered.	https://standards.scheme.org/corrected-r7rs/r7rs-Z-H-9.html
reader.characters	2.3,6.6	pass	tests/r7rs/audit/reader.scm	Required ASCII character names and hexadecimal scalar notation parse.	Eight named/scalar samples; invalid Unicode scalars not covered.	https://standards.scheme.org/corrected-r7rs/r7rs-Z-H-9.html
reader.collections	2.3,3.3	pass	tests/r7rs/audit/reader.scm	Vectors, bytevectors, dotted pairs and long booleans parse.	Small collections; byte-range errors not audited.	https://standards.scheme.org/corrected-r7rs/r7rs-Z-H-9.html
reader.comments	2.2	pass	tests/r7rs/audit/reader.scm	Line, nested block and datum comments are discarded.	Balanced comments only; malformed comment diagnostics not covered.	https://standards.scheme.org/corrected-r7rs/r7rs-Z-H-9.html
reader.cycle	2.4	pass	tests/r7rs/audit/reader.scm	A self-reference constructs a cyclic pair without copying it.	One self-cycle; forward references not audited.	https://standards.scheme.org/corrected-r7rs/r7rs-Z-H-9.html
reader.eof	6.13.2	pass	tests/r7rs/audit/reader.scm	Whitespace/comments with no following datum return an EOF object.	Finite string input; interactive/blocking input not audited.	https://standards.scheme.org/corrected-r7rs/r7rs-Z-H-8.html
reader.error-kind	6.11,6.13.2	gap	tests/r7rs/audit/reader.scm	An incomplete external representation raises an object satisfying read-error?.	Gap: rejection occurs, but read-error? is false on the raised object.	https://standards.scheme.org/corrected-r7rs/r7rs-Z-H-8.html
reader.identifiers	2.1	pass	tests/r7rs/audit/reader.scm	Unicode, escaped identifiers and peculiar identifiers read as symbols.	Selected legal forms only; no exhaustive identifier grammar.	https://standards.scheme.org/corrected-r7rs/r7rs-Z-H-9.html
reader.label-scope	2.4	pass	tests/r7rs/audit/reader.scm	Labels from one datum cannot be referenced by the next datum.	Checks rejection only; error classification has its own failing probe.	https://standards.scheme.org/corrected-r7rs/r7rs-Z-H-9.html
reader.nested-datum-comment	2.2	pass	tests/r7rs/audit/reader.scm	Nested datum comments skip the next datum rather than a comment token.	One nested example; not arbitrary-depth stress.	https://standards.scheme.org/corrected-r7rs/r7rs-Z-H-9.html
reader.numbers	6.2.5,7.1.1	gap	tests/r7rs/audit/reader.scm	read supports radix and exactness prefixes as well as rectangular complex syntax.	Gap: prefixed numbers read as unspecified values; complex notation succeeds.	https://standards.scheme.org/corrected-r7rs/r7rs-Z-H-9.html
reader.shared	2.4	pass	tests/r7rs/audit/reader.scm	A datum label reference denotes the previously defined object.	Pair sharing only; labels in mixed graphs have prior writer coverage.	https://standards.scheme.org/corrected-r7rs/r7rs-Z-H-9.html
reader.string-continuation	2.3,7.1.1	gap	tests/r7rs/audit/reader.scm	Backslash, intraline spaces, line ending and indentation disappear in a string.	Gap: g-read-string reports invalid escape for the legal spaced continuation.	https://standards.scheme.org/corrected-r7rs/r7rs-Z-H-9.html
reader.string-escapes	2.3,6.7	pass	tests/r7rs/audit/reader.scm	Hex, tab, newline, quote and backslash string escapes decode.	Selected required escapes; no exhaustive malformed escape audit.	https://standards.scheme.org/corrected-r7rs/r7rs-Z-H-9.html
