case	size	sample	phase	seconds	status
million-set	10	1	startup-and-timer-import	22.43498634	complete
million-set	10	1	import	4.286242893	complete
million-set	10	1	list-build	0.00008575	complete
million-set	10	1	set-build	0.001322308	complete
million-set	10	1	check	0.000220812	complete
million-set	10	2	startup-and-timer-import	22.11459529	complete
million-set	10	2	import	4.50342566	complete
million-set	10	2	list-build	0.000097632	complete
million-set	10	2	set-build	0.001683723	complete
million-set	10	2	check	0.000258643	complete
