key	value
started_utc	2026-10-05 19:23:38 UTC
source_commit	4fcd08ca80e012178345e8bd56976614957150ae
binary_sha256	ed1629d1bb28d1cb9e147de79e09c69b1f61bfe6fa00c0b1f2424349f75c5ad9
working_diff_sha256	8e03fc08298e3faab0d5bdfdd9c72c88e04e5eb108b4d70b0af6145d615afb05
profile	quick
samples	1
timeout_seconds	120
setup_timeout_seconds	180
run_timeout_seconds	300
selected_case	million-set
size_override	100000
cache_seed	/tmp/gf-million-ladder-10k/cache
phase_measurement	yes
import_state	cached
optimization_level	2
gc_setting	default
system	Linux 7.2.8-cachyos x86_64 GNU/Linux
cpu	AMD Ryzen 7 7840HS with Radeon 780M Graphics
memory_kib	28401976
input_sha256:bench/native-scale/cases.tsv	ef6a0720dfadd7216b6dca6322c12c9b2fb7875070df8c71cdeb675fbe1b949b
input_sha256:bench/native-scale/compile.scm	97dd4b0b3eb13dd99c02d0b88f1e11515a1a923a47dde21aa0cdb46b4e4944f9
input_sha256:bench/native-scale/set.scm	f9bb806932a789a58b484ab6a6821227021d096db263e37199b1dbd97d7c09e9
input_sha256:bench/native-scale/timing.scm	c2afa402c0d47ff45fa56b3841344299bafa2ba4247896e0f2cc304a2de700c4
input_sha256:bench/native-scale/workloads.scm	f6faccda1d3a4f8a65b086602c082fc4055954610da981ff3472006867d422cd
input_sha256:tools/bench-native-scale.sh	0202757a0996070a3ac9351ec7df8fb9acad54da19eec17dc28bb32a675decd1
ended_utc	2026-10-05 19:24:10 UTC
