40765	./expander/lib/base-functions.scm-o2.gfo
5018	./expander/lib/cond-expand.scm-o2.gfo
23482	./expander/lib/core-macros.scm-o2.gfo
4596	./expander/lib/define-record-type.scm-o2.gfo
7281	./expander/lib/define-star.scm-o2.gfo
7526	./expander/lib/defmacro.scm-o2.gfo
77763	./expander/lib/install.scm-o2.gfo
7999	./expander/lib/module-registry.scm-o2.gfo
91697	./expander/lib/module.scm-o2.gfo
46720	./expander/lib/native-abi.scm-o2.gfo
20333	./expander/lib/native-hash-adapter.scm-o2.gfo
3281	./expander/lib/native-write.scm-o2.gfo
31062	./expander/lib/standard.scm-o2.gfo
26020	./expander/lib/syntax-case.scm-o2.gfo
33595	./expander/lib/syntax-runtime.scm-o2.gfo
87873	./goldfish/compiler/passes.scm-o2.gfo
7987	./goldfish/compiler/patterns.scm-o2.gfo
37417	./goldfish/compiler.scm-o2.gfo
74581	./goldfish/core/ir.scm-o2.gfo
34908	./goldfish/expander/tree-il.scm-o2.gfo
99066	./goldfish/match/expansion.scm-o2.gfo
47748	./goldfish/match.scm-o2.gfo
195	./home/jinser/vie/projet/lang/goldfish/bench/cold-start/workloads/minimal.scm-o2.gfo
11967	./liii/ascii.scm-o2.gfo
5613	./liii/base.scm-o2.gfo
12083	./liii/bitwise.scm-o2.gfo
5429	./liii/error.scm-o2.gfo
136441	./liii/reader.scm-o2.gfo
65756	./liii/unicode.scm-o2.gfo
50520	./scheme/base.scm-o2.gfo
1590	./scheme/case-lambda.scm-o2.gfo
20157	./scheme/char.scm-o2.gfo
877	./scheme/complex.scm-o2.gfo
1543	./scheme/cxr.scm-o2.gfo
4018	./scheme/eval.scm-o2.gfo
2003	./scheme/file.scm-o2.gfo
2206	./scheme/process-context.scm-o2.gfo
461	./scheme/read.scm-o2.gfo
5590	./scheme/time.scm-o2.gfo
651	./scheme/write.scm-o2.gfo
29680	./srfi/srfi-151.scm-o2.gfo
28117	./srfi/srfi-175.scm-o2.gfo
6316	./srfi/srfi-2.scm-o2.gfo
2228	./srfi/srfi-8.scm-o2.gfo
