workload	state	sample	wall	user	sys	maxrss_kib	exit
fib.scm	run	1	1.546263	1.519011	0.015882	25832	0
fib.scm	run	2	1.537811	1.512094	0.016863	25988	0
fib.scm	run	3	1.544489	1.522169	0.013932	25716	0
lists.scm	run	1	2.086883	2.047671	0.027838	65924	0
lists.scm	run	2	2.064742	2.026916	0.026844	65532	0
lists.scm	run	3	2.080514	2.040824	0.028840	65856	0
nqueens.scm	run	1	2.238452	2.200077	0.025835	28064	0
nqueens.scm	run	2	2.249215	2.220202	0.016905	25568	0
nqueens.scm	run	3	2.236528	2.204812	0.019875	25596	0
sum.scm	run	1	3.057215	3.027571	0.013935	25652	0
sum.scm	run	2	3.017930	2.975428	0.022798	25840	0
sum.scm	run	3	3.063474	3.029125	0.017912	25180	0
winders.scm	run	1	3.211940	3.170914	0.016849	28296	0
winders.scm	run	2	3.307005	3.262501	0.026859	25672	0
winders.scm	run	3	3.348911	3.311819	0.018904	25680	0
