runtime_binary_sha256	ed1629d1bb28d1cb9e147de79e09c69b1f61bfe6fa00c0b1f2424349f75c5ad9
scheme_library_before_sha256	3f0d828dd62bac7d85a886bd0c98bc05671fbaeae568d972dcbb5ff92e338b1e
scheme_library_after_sha256	76d9301800d4caa115948a330e1be373f7ce4becbd558bd15e346a94e1219ddb
phase_harness_sha256	30cd81e855d65848bd56270338cc865d91899c596319dd371dc2cf851f542fb5
cache_version	v5123ede839a7
perf_version	7.1.6
event	cpu-clock:u
frequency_hz	99
callgraph	dwarf,8192
json_parser_before_sha256	4a84eeabc99941d0537556b9a02a0ca4619c7257fea9190efba17a3f84533c64
json_parser_after_sha256	fa33a5dcf199c20656b93fc0306b553fa14d85a8191b034d66bd890f3c8167e2
parse_baseline_median_ns	5335490839
parse_candidate_median_ns	3978038017
parse_reduction_percent	25.44
string_to_json_test	36 passed
