source_parent	d5902985d6e7e77c22e55bf19b643bb832c7d39f
before_binary_sha256	cbad8c519a5cb8b5b1ad4761128846548d4b708559ab4c80683f136fc8073526
after_binary_sha256	ed1629d1bb28d1cb9e147de79e09c69b1f61bfe6fa00c0b1f2424349f75c5ad9
before_cache_version	v9b0f2e3176ff
after_cache_version	v5123ede839a7
startup_cache_regression_exit_code	0
cold_bootstrap_exit_code	0
writer_files_passed	5
reader_directory_exit_code	255
reader_directory_passed	1
reader_directory_failed	1
known_reader_failure	tests/liii/reader/reader-test.scm
program_cache_files_passed	4
program_cache_checks	61
changed_since_exit_code	0
changed_since_files_passed	161
repeated_measurement_exit_code	0
r7rs_wall_seconds	6.48,6.46,6.41
liii_wall_seconds	7.73,7.01,7.00
r7rs_peak_rss_kib	31748,28620,32208
liii_peak_rss_kib	31808,31828,31904
tested_patch_sha256	ec22af4e938756fdf379e8c10430277d1ccccc037acb1d948a1fe460e292c418
startup_cache_test_sha256	ca282ee4451c7bfad27a2d1d2ee5425f0bea5f5697c903239a52aaeb6083cd17
measure_script_sha256	d4cea1e141cf61f95083a6d243aa410b3e5ba26783265bb220eabc8e99f9cc40
