version	operation	bits	rounds	sample	elapsed_ns	checksum
before	dense-bit-count	4096	16	1	474042330	65536
before	dense-bit-count	4096	16	2	483194633	65536
before	dense-bit-count	4096	16	3	493385818	65536
before	sparse-bit-count	4096	16	1	944649	16
before	sparse-bit-count	4096	16	2	726140	16
before	sparse-bit-count	4096	16	3	727502	16
before	positive-integer-length	4096	16	1	229867199	65552
before	positive-integer-length	4096	16	2	244533175	65552
before	positive-integer-length	4096	16	3	242030599	65552
before	negative-integer-length	4096	16	1	252189242	65536
before	negative-integer-length	4096	16	2	248928202	65536
before	negative-integer-length	4096	16	3	277954521	65536
after	dense-bit-count	4096	16	1	571785	65536
after	dense-bit-count	4096	16	2	688984	65536
after	dense-bit-count	4096	16	3	575372	65536
after	sparse-bit-count	4096	16	1	581955	16
after	sparse-bit-count	4096	16	2	571836	16
after	sparse-bit-count	4096	16	3	583908	16
after	positive-integer-length	4096	16	1	533244	65552
after	positive-integer-length	4096	16	2	533685	65552
after	positive-integer-length	4096	16	3	543904	65552
after	negative-integer-length	4096	16	1	570112	65536
after	negative-integer-length	4096	16	2	566385	65536
after	negative-integer-length	4096	16	3	628061	65536
after	dense-bit-count	100000	16	1	536450	1600000
after	dense-bit-count	100000	16	2	533945	1600000
after	dense-bit-count	100000	16	3	536931	1600000
after	sparse-bit-count	100000	16	1	538644	16
after	sparse-bit-count	100000	16	2	543022	16
after	sparse-bit-count	100000	16	3	541199	16
after	positive-integer-length	100000	16	1	487409	1600016
after	positive-integer-length	100000	16	2	489983	1600016
after	positive-integer-length	100000	16	3	491707	1600016
after	negative-integer-length	100000	16	1	741010	1600000
after	negative-integer-length	100000	16	2	7046752	1600000
after	negative-integer-length	100000	16	3	709312	1600000
